id,latitude,longitude,lastlocatedon,entitytype
1,19.00196494,73.05522097,2023-03-23T22:26:57.00Z,event
2,19.07674334,72.95153348,2023-02-07T17:59:57.00Z,associate
3,19.32871765,72.78355512,2023-03-03T05:32:25.00Z,org
4,19.52308029,73.20011926,2023-01-26T19:32:29.00Z,individual
5,22.589555,88.4114,2023-01-27T19:32:29.00Z,individuall
6,19.35463228,72.41851168,2023-01-09T20:50:44.00Z,associate
7,19.13614648,72.97419028,2023-03-18T20:35:56.00Z,individual
8,18.66309441,72.73323823,2023-04-09T17:45:48.00Z,event
9,19.02746054,72.87210515,2023-01-10T22:25:04.00Z,org
10,19.26960287,72.89773587,2023-02-17T06:14:10.00Z,org
11,18.83983908,73.06312133,2023-04-22T18:21:06.00Z,individual
12,22.44166458,88.69885555,2023-04-15T07:08:14.00Z,event
13,22.49214734,88.47156363,2023-03-04T05:33:51.00Z,associate
14,19.523,73.20011,2023-03-26T19:32:29.00Z,individual
15,22.61482707,88.14811667,2023-01-10T18:50:46.00Z,event
16,22.76420358,88.62972593,2023-02-15T13:37:50.00Z,associate
17,22.14715448,88.28946569,2023-02-26T10:23:29.00Z,associate
18,22.78623988,88.1608101,2023-01-10T11:16:45.00Z,org
19,22.54211437,88.70056726,2023-03-17T18:07:05.00Z,individual
20,22.47784742,88.58661538,2023-03-11T14:14:01.00Z,org
21,22.93897644,88.4795709,2023-03-26T21:07:29.00Z,individual
22,22.589555,88.4114,2023-03-27T19:32:29.00Z,individual
23,22.21983774,87.99317524,2023-02-19T15:53:35.00Z,org
24,28.5805997,77.71301816,2023-02-25T10:52:50.00Z,associate
25,28.98153018,77.31643286,2023-01-21T11:52:06.00Z,event
26,28.41133069,77.19259394,2023-03-10T23:52:42.00Z,event
27,28.67974026,77.48696253,2023-01-22T06:21:41.00Z,org
28,28.84725158,77.46637295,2023-04-17T00:51:52.00Z,associate
29,28.96688552,77.22189434,2023-02-01T21:08:39.00Z,org
30,29.01575775,77.4847716,2023-01-23T14:04:03.00Z,individual
31,28.59673579,77.62714867,2023-03-01T19:28:34.00Z,org
32,28.27649154,77.09402569,2023-01-30T06:14:44.00Z,individual
33,28.8485096,76.88453417,2023-02-06T22:27:26.00Z,org
34,16.94469301,78.00848832,2023-01-19T01:23:24.00Z,event
35,17.05144945,78.18614926,2023-01-29T19:55:00.00Z,individual
36,16.9923594,78.94423846,2023-03-14T15:45:17.00Z,associate
37,22.5895,88.411444,2023-03-15T15:45:17.00Z,individual
38,17.77695442,78.55086546,2023-01-18T14:20:29.00Z,individual
39,17.40474513,78.11812671,2023-04-19T03:17:20.00Z,individual
40,17.12153886,78.66853758,2023-04-09T06:13:15.00Z,event
41,17.79341887,78.23273677,2023-03-20T23:22:30.00Z,event
42,17.03786836,77.98795805,2023-01-09T12:23:48.00Z,associate
43,17.5094196,78.15462529,2023-04-24T01:23:43.00Z,associate
44,16.88366013,78.29894579,2023-04-26T18:58:15.00Z,event
45,13.25409919,77.39449623,2023-04-17T10:08:34.00Z,individual
46,12.5788081,77.37372929,2023-04-28T18:56:38.00Z,event
47,13.41738998,77.1393437,2023-03-11T13:22:48.00Z,individual
48,12.53900235,77.26922457,2023-03-10T16:47:07.00Z,event
49,13.24513588,77.9388109,2023-03-23T16:38:48.00Z,org
50,12.97255671,77.65526403,2023-01-22T15:58:23.00Z,individual
51,12.87879807,77.39427144,2023-04-08T11:37:19.00Z,event
52,12.90632081,77.8350108,2023-04-25T07:54:14.00Z,individual
53,29.0157,77.484,2023-04-23T14:04:03.00Z,individual
54,13.29669422,77.32554609,2023-04-14T23:00:51.00Z,associate
55,12.83382439,77.9099768,2023-01-23T03:18:14.00Z,org
56,23.75440847,86.56291365,2023-03-14T23:16:40.00Z,individual
57,24.28180122,85.95001848,2023-03-05T15:03:21.00Z,event
58,23.32303298,86.52022747,2023-02-05T18:01:07.00Z,org
59,24.01218631,86.29800721,2023-03-24T17:14:43.00Z,associate
60,23.7488184,86.72468279,2023-01-07T22:38:22.00Z,org
61,20.42361804,86.14163228,2023-01-24T03:44:42.00Z,individual
62,19.89439423,85.68300353,2023-02-11T19:03:14.00Z,org
63,20.40951998,85.34547229,2023-01-19T03:51:23.00Z,org
64,20.10087953,86.05836236,2023-04-25T18:30:31.00Z,associate
65,20.1579193,85.95749729,2023-02-10T10:07:02.00Z,org
66,26.53926621,83.13279237,2023-04-10T11:00:41.00Z,org
67,25.96902319,83.46091017,2023-01-05T11:08:01.00Z,associate
68,26.45758931,83.28434576,2023-02-20T04:48:43.00Z,org
69,26.00186059,83.35311389,2023-01-04T22:13:57.00Z,individual
70,26.51044946,83.03049883,2023-03-04T02:38:41.00Z,event
71,18.15064946,73.47634461,2023-01-18T00:42:53.00Z,event
72,18.71606297,73.72173911,2023-02-09T17:58:16.00Z,org
73,18.176494,73.6919959,2023-01-04T09:15:24.00Z,associate
74,18.08079093,73.59049,2023-04-08T06:25:11.00Z,org
75,18.29998413,74.076855,2023-03-27T12:34:07.00Z,event
76,26.13145176,80.53605417,2023-03-11T06:48:22.00Z,event
77,26.95640029,80.10046415,2023-03-31T17:56:04.00Z,org
78,26.23333464,80.05839246,2023-02-13T00:41:07.00Z,org
79,26.89314454,79.94069074,2023-01-24T08:39:25.00Z,individual
80,26.30626242,79.86141898,2023-03-31T19:11:04.00Z,event
81,26.45564055,85.44973162,2023-01-15T12:51:23.00Z,individual
82,26.19048634,85.5569294,2023-04-05T18:11:14.00Z,event
83,26.18306889,85.46784964,2023-01-01T19:21:51.00Z,individual
84,26.55413607,85.76780784,2023-03-07T20:13:01.00Z,associate
85,26.41416753,85.48151088,2023-01-07T15:13:34.00Z,org
86,23.24857708,86.54466301,2023-03-19T10:57:19.00Z,org
87,23.70745612,87.38654246,2023-01-18T22:27:50.00Z,org
88,23.90150047,86.48115647,2023-04-19T08:14:11.00Z,org
89,23.98355159,86.85893062,2023-02-25T22:25:14.00Z,org
90,23.76176118,87.32612957,2023-04-12T06:03:41.00Z,event
91,33.85873103,74.83829137,2023-01-08T21:32:31.00Z,event
92,33.91530929,75.02488677,2023-02-09T15:57:22.00Z,associate
93,33.8744381,74.40250644,2023-03-26T17:07:40.00Z,org
94,33.8371589,74.74828707,2023-02-08T04:44:27.00Z,associate
95,34.33095138,74.76657949,2023-02-08T02:45:28.00Z,individual
96,26.65501051,76.23916586,2023-03-31T03:11:34.00Z,org
97,27.26862249,75.9809065,2023-01-13T00:13:29.00Z,individual
98,26.57606235,75.77344899,2023-02-01T10:55:45.00Z,event
99,26.91035498,75.95572775,2023-01-19T04:04:44.00Z,associate
100,26.48715734,75.44886157,2023-04-08T07:24:34.00Z,associate
101,23.66714127,90.38538603,2023-01-19T11:39:33.00Z,org
102,22.589555,88.4114,2023-04-17T19:32:29.00Z,individual
103,17.05144945,78.18614926,2023-04-18T19:55:00.00Z,individual
104,23.54755228,90.04827466,2023-04-14T22:40:01.00Z,event
105,23.92370379,89.99911147,2023-02-06T06:59:04.00Z,event
106,24.13012077,90.67954291,2023-03-27T18:51:10.00Z,org
107,23.52561393,90.7631316,2023-04-17T21:47:02.00Z,associate
108,22.589938,88.41155,2023-05-13T00:13:29.00Z,individual
